,card_id,embedding_dim
count,14341.0,14341.0
mean,51914879.70831881,384.0
std,38277424.17604178,0.0
min,483.0,384.0
25%,24658418.0,384.0
50%,49684352.0,384.0
75%,75047173.0,384.0
max,501000007.0,384.0
