,card_id,confidence
count,27830.0,27830.0
mean,51355316.959719725,0.7838303988501618
std,36781867.229389854,0.08803386582620944
min,483.0,0.5
25%,24506253.0,0.8
50%,49568943.0,0.8
75%,75003700.0,0.8
max,501000007.0,0.9
