,card_id,level,atk,def,scale,linkval
count,14341.0,8863.0,9137.0,8703.0,390.0,464.0
mean,51914879.70831881,4.646959268870585,1529.8511546459451,1290.79168102953,4.256410256410256,2.4504310344827585
std,38277424.17604178,2.4945966331309846,953.8561816755943,879.919283747675,3.1697311095478446,0.9998487075543298
min,483.0,0.0,0.0,0.0,0.0,1.0
25%,24658418.0,3.0,800.0,600.0,1.0,2.0
50%,49684352.0,4.0,1500.0,1200.0,4.0,2.0
75%,75047173.0,6.0,2200.0,2000.0,7.0,3.0
max,501000007.0,13.0,5000.0,5000.0,13.0,6.0
